cdr3b,peptide,UMI,fraction
CASGQDDRNYGYTF,A0201_LLMGTLGIVC_HPV-16E7_82-91,1.0,0.25
CASNPSSTDTQYF,A0201_LLMGTLGIVC_HPV-16E7_82-91,1.0,0.1111111111111111
CASREIQGSGANVLTF,A0201_LLMGTLGIVC_HPV-16E7_82-91,1.0,0.010101010101010102
CASSFISGGRLAPYYGYTF,A0201_LLMGTLGIVC_HPV-16E7_82-91,1.0,0.3333333333333333
CASSIRSQETQYF,A0201_LLMGTLGIVC_HPV-16E7_82-91,1.0,0.021739130434782608
CASSIRSSYEQYF,A0201_LLMGTLGIVC_HPV-16E7_82-91,1.0,0.006024096385542169
CASSISLAAEQFF,A0201_LLMGTLGIVC_HPV-16E7_82-91,1.0,0.038461538461538464
CASSLGGAGETQYF,A0201_LLMGTLGIVC_HPV-16E7_82-91,1.0,0.041666666666666664
CASSLSGYEQYF,A0201_LLMGTLGIVC_HPV-16E7_82-91,1.0,0.007407407407407408
CASSLSSGTYEQYF,A0201_LLMGTLGIVC_HPV-16E7_82-91,1.0,0.004032258064516129
CASSLYSATGELFF,A0201_LLMGTLGIVC_HPV-16E7_82-91,1.0,0.011019283746556474
CASSPGGLAGADTQYF,A0201_LLMGTLGIVC_HPV-16E7_82-91,1.0,0.006349206349206349
CASSPINTEAFF,A0201_LLMGTLGIVC_HPV-16E7_82-91,1.0,0.5
CASSPQGGGDGYTF,A0201_LLMGTLGIVC_HPV-16E7_82-91,1.0,0.125
CASSPRDRERGEQYF,A0201_LLMGTLGIVC_HPV-16E7_82-91,3.0,0.001953125
CASSQLGRGDNEQFF,A0201_LLMGTLGIVC_HPV-16E7_82-91,1.0,0.012195121951219513
CASSQSPGGMQYF,A0201_LLMGTLGIVC_HPV-16E7_82-91,1.0,0.16666666666666666
CASSSGDGYTF,A0201_LLMGTLGIVC_HPV-16E7_82-91,1.0,0.5
CASSTRAGGVGQFF,A0201_LLMGTLGIVC_HPV-16E7_82-91,1.0,0.16666666666666666
CASSVRSSYEQYF,A0201_LLMGTLGIVC_HPV-16E7_82-91,1.0,0.007692307692307693
CASSWGGGSHYGYTF,A0201_LLMGTLGIVC_HPV-16E7_82-91,2.0,0.00040535062829347385
CATSTGDSNQPQHF,A0201_LLMGTLGIVC_HPV-16E7_82-91,1.0,0.006060606060606061
CAWTGTGKIGWDSPLHF,A0201_LLMGTLGIVC_HPV-16E7_82-91,1.0,0.0033783783783783786
CAWVLGPAGDTQYF,A0201_LLMGTLGIVC_HPV-16E7_82-91,1.0,0.005988023952095809
CSARDLSIASGTSSTDTQYF,A0201_LLMGTLGIVC_HPV-16E7_82-91,1.0,0.16666666666666666
CSASPGDYEQYF,A0201_LLMGTLGIVC_HPV-16E7_82-91,1.0,0.004672897196261682
