cdr3b,peptide,UMI,fraction
CASNLRTGGTDTQYF,A0201_LLMGTLGIVC_HPV-16E7_82-91,1.0,0.1111111111111111
CASRFSPGENTEAFF,A0201_LLMGTLGIVC_HPV-16E7_82-91,1.0,0.007692307692307693
CASRTGLASTDTQYF,A0201_LLMGTLGIVC_HPV-16E7_82-91,2.0,0.0016222479721900347
CASRVSGSLSYNEQFF,A0201_LLMGTLGIVC_HPV-16E7_82-91,3.0,0.00333889816360601
CASSLGGSYEQYF,A0201_LLMGTLGIVC_HPV-16E7_82-91,1.0,0.16666666666666666
CASSPGTVYGYTF,A0201_LLMGTLGIVC_HPV-16E7_82-91,1.0,0.5
CATSDRLAGGELFF,A0201_LLMGTLGIVC_HPV-16E7_82-91,1.0,0.003205128205128205
CATSRDRQGRANTEAFF,A0201_LLMGTLGIVC_HPV-16E7_82-91,1.0,0.5
CAWKNLFPRTDTQYF,A0201_LLMGTLGIVC_HPV-16E7_82-91,1.0,0.009708737864077669
CSADSGELSYEQYF,A0201_LLMGTLGIVC_HPV-16E7_82-91,1.0,0.017543859649122806
CSAMTSGSSYEQYF,A0201_LLMGTLGIVC_HPV-16E7_82-91,1.0,0.014492753623188406
CSARGRNEQFF,A0201_LLMGTLGIVC_HPV-16E7_82-91,1.0,0.3333333333333333
