cdr3b,peptide,UMI,fraction
CAISESEGAIQPQHF,A0201_LLMGTLGIVC_HPV-16E7_82-91,1.0,0.058823529411764705
CASGLVEGDSKNIQYF,A0201_LLMGTLGIVC_HPV-16E7_82-91,1.0,0.011111111111111112
CASKDGISYEQYF,A0201_LLMGTLGIVC_HPV-16E7_82-91,2.0,0.004081632653061225
CASRSKTGSKQPQHF,A0201_LLMGTLGIVC_HPV-16E7_82-91,1.0,0.004524886877828055
CASRVGNTEAFF,A0201_LLMGTLGIVC_HPV-16E7_82-91,1.0,0.010101010101010102
CASSARTGVGYGYTF,A0201_LLMGTLGIVC_HPV-16E7_82-91,1.0,0.004201680672268907
CASSDRMNTEAFF,A0201_LLMGTLGIVC_HPV-16E7_82-91,1.0,0.015384615384615385
CASSDSYSYGYTF,A0201_LLMGTLGIVC_HPV-16E7_82-91,1.0,0.0136986301369863
CASSENSNQPQHF,A0201_LLMGTLGIVC_HPV-16E7_82-91,2.0,0.16666666666666666
CASSLGQDGYTF,A0201_LLMGTLGIVC_HPV-16E7_82-91,1.0,0.00436046511627907
CASSLSGTWGEGYTF,A0201_LLMGTLGIVC_HPV-16E7_82-91,1.0,0.00641025641025641
CASSLYAGASEKLFF,A0201_LLMGTLGIVC_HPV-16E7_82-91,1.0,0.00909090909090909
CASSMTESGANVLTF,A0201_LLMGTLGIVC_HPV-16E7_82-91,1.0,0.5
CASSQDHRMGGHEKLFF,A0201_LLMGTLGIVC_HPV-16E7_82-91,1.0,0.0030959752321981426
CASSQFPLGEGTDTQYF,A0201_LLMGTLGIVC_HPV-16E7_82-91,1.0,0.2
CASSQGTGRNTEAFF,A0201_LLMGTLGIVC_HPV-16E7_82-91,2.0,0.058823529411764705
CASSQRGNTEAFF,A0201_LLMGTLGIVC_HPV-16E7_82-91,1.0,0.0625
CASSYGAGGYNEQFF,A0201_LLMGTLGIVC_HPV-16E7_82-91,1.0,0.0038910505836575876
CASTGTSGGPTLRDEQFF,A0201_LLMGTLGIVC_HPV-16E7_82-91,2.0,0.005865102639296188
CATQGGRGGGANVLTF,A0201_LLMGTLGIVC_HPV-16E7_82-91,1.0,0.07692307692307693
CATSGAAYSGANVLTF,A0201_LLMGTLGIVC_HPV-16E7_82-91,1.0,0.010752688172043012
CSARDLEVLSYEQYF,A0201_LLMGTLGIVC_HPV-16E7_82-91,1.0,0.0009765625
CSVDLEANYGYTF,A0201_LLMGTLGIVC_HPV-16E7_82-91,2.0,0.0005827505827505828
CSVHVPMNTEAFF,A0201_LLMGTLGIVC_HPV-16E7_82-91,1.0,0.09090909090909091
